[
    {
        "nome": "eduardo",
        "email": "eduardo@google.com",
        "login": "Eduardo1410",
        "senha": "123"
    },
    {
        "nome": "Eduardo Fernandes",
        "email": "eduardo.militao1410@gmail.com",
        "login": "Eduardo",
        "senha": "123456"
    },
    {
        "nome": "Eduardo Fernandes",
        "email": "eduardo.militao1410@gmail.com",
        "login": "Eduardo1014",
        "senha": "123456"
    },
    {
        "nome": "Pedro",
        "email": "pedro@gmail.com",
        "login": "Pidrin",
        "senha": "293031"
    },
    {
        "nome": "Joao Lucio Fernandes da SIlva",
        "email": "lucio.joao@ig.com.br",
        "login": "Joao Lucio Fernandes",
        "senha": "jhonny"
    }
]